,date,Open,High,Low,Close,Volume
0,2010-01-04,152.0,152.5,150.5,151.5,23703729
1,2010-01-05,153.5,155.5,151.5,152.5,34765658
2,2010-01-06,152.5,153.0,151.5,151.5,28645356
3,2010-01-07,151.5,152.5,148.5,150.0,28165060
4,2010-01-08,150.0,151.0,147.0,150.5,23525808
5,2010-01-11,148.0,150.0,148.0,148.5,24077820
6,2010-01-12,148.5,149.5,147.5,148.0,34028302
7,2010-01-13,146.0,147.0,145.0,145.5,32014362
8,2010-01-14,146.0,150.0,146.0,149.5,23761647
9,2010-01-15,151.5,153.0,150.0,152.5,28782527
10,2010-01-18,151.0,152.0,150.0,151.0,15578080
11,2010-01-19,151.5,152.0,148.0,149.0,18169884
12,2010-01-20,150.0,150.0,147.0,147.5,27558993
13,2010-01-21,145.5,147.0,145.0,146.0,27348926
14,2010-01-22,141.0,142.0,137.0,138.0,74138933
15,2010-01-25,136.0,140.0,135.5,139.5,34306257
16,2010-01-26,141.0,141.0,135.5,136.5,38759693
17,2010-01-27,137.0,137.5,133.0,133.0,37632431
18,2010-01-28,136.0,139.0,134.0,136.0,32485864
19,2010-01-29,133.5,134.5,131.5,134.5,37759936
20,2010-02-01,133.0,134.5,130.0,131.5,24995571
21,2010-02-02,135.0,136.0,133.5,134.0,34335376
22,2010-02-03,136.5,138.0,135.0,138.0,22417316
23,2010-02-04,138.0,138.0,135.5,136.5,15211055
24,2010-02-05,133.0,133.5,132.0,132.5,27183874
25,2010-02-06,134.0,135.5,132.5,135.0,13776987
26,2010-02-08,135.5,136.5,134.0,134.0,22148468
27,2010-02-09,133.0,135.0,132.5,133.5,31537621
28,2010-02-10,135.0,136.5,133.5,134.5,28191042
29,2010-02-22,138.0,138.0,133.5,134.5,33147649
30,2010-02-23,134.5,135.5,133.0,134.5,24297982
31,2010-02-24,134.0,134.0,132.5,132.5,18557325
32,2010-02-25,133.0,133.0,127.0,128.0,53697591
33,2010-02-26,126.0,130.0,126.0,127.0,30789904
34,2010-03-01,130.5,132.0,128.5,130.5,26744368
35,2010-03-02,133.0,135.0,132.0,133.0,39569393
36,2010-03-03,134.0,134.0,132.5,133.5,15501127
37,2010-03-04,135.0,135.0,132.0,133.5,21212411
38,2010-03-05,135.0,135.0,133.0,134.0,18027132
39,2010-03-08,136.0,137.5,134.5,137.5,29916506
40,2010-03-09,137.5,138.5,136.5,138.0,24859645
41,2010-03-10,138.0,138.5,137.0,138.0,15566079
42,2010-03-11,139.5,139.5,137.5,137.5,22677780
43,2010-03-12,138.0,138.0,135.5,137.5,18370303
44,2010-03-15,138.0,138.0,134.0,134.0,15874305
45,2010-03-16,136.0,137.0,134.5,137.0,18490806
46,2010-03-17,138.5,139.5,137.5,139.5,33219524
47,2010-03-18,140.0,140.0,138.5,139.5,22215001
48,2010-03-19,139.5,139.5,138.0,139.5,12121567
49,2010-03-22,138.5,138.5,136.5,137.0,9661366
50,2010-03-23,138.0,139.0,137.5,138.0,10599628
51,2010-03-24,138.5,139.5,136.5,136.5,18015180
52,2010-03-25,135.5,136.5,134.0,136.5,34678367
53,2010-03-26,135.5,136.5,134.0,134.5,30778084
54,2010-03-29,136.5,137.5,136.0,137.5,18897396
55,2010-03-30,138.5,139.0,137.5,138.5,19460946
56,2010-03-31,138.5,139.0,137.5,137.5,12125999
57,2010-04-01,138.5,140.0,138.0,140.0,28971985
58,2010-04-02,140.0,141.0,139.0,139.5,12999076
59,2010-04-06,140.5,144.5,140.5,143.5,32999258
60,2010-04-07,145.0,145.0,142.5,144.5,19823042
61,2010-04-08,144.0,145.0,142.0,142.5,27154322
62,2010-04-09,142.5,145.0,142.0,144.5,24084596
63,2010-04-12,145.0,145.5,143.0,144.5,21947854
64,2010-04-13,143.5,143.5,141.0,141.0,21488065
65,2010-04-14,142.0,143.0,141.0,142.0,13233088
66,2010-04-15,143.5,144.5,142.0,143.5,20064945
67,2010-04-16,143.5,143.5,140.0,141.0,18729699
68,2010-04-19,139.0,140.0,136.5,136.5,31241052
69,2010-04-20,138.0,139.0,137.0,138.5,18297323
70,2010-04-21,140.0,140.5,138.5,139.0,21252293
71,2010-04-22,139.0,143.0,138.5,142.5,30989310
72,2010-04-23,144.0,145.0,143.0,144.5,40384756
73,2010-04-26,146.0,148.0,146.0,148.0,46218465
74,2010-04-27,149.0,150.0,148.0,149.5,46204099
75,2010-04-28,146.0,153.5,145.5,153.0,62952509
76,2010-04-29,153.0,154.5,151.0,152.0,43459869
77,2010-04-30,150.0,153.5,148.5,148.5,48325546
78,2010-05-03,149.0,149.0,146.5,147.0,19002872
79,2010-05-04,148.5,149.0,147.0,148.5,18031359
80,2010-05-05,145.5,145.5,143.0,143.0,35107819
81,2010-05-06,143.0,143.5,140.5,141.0,28364976
82,2010-05-07,137.5,140.0,137.0,139.5,34816309
83,2010-05-10,140.5,141.5,138.5,141.5,25235536
84,2010-05-11,143.0,143.0,140.0,140.0,26247152
85,2010-05-12,140.5,142.0,140.0,140.0,12428484
86,2010-05-13,142.5,144.5,141.5,144.0,13904305
87,2010-05-14,143.0,144.0,142.5,143.5,13146686
88,2010-05-17,142.0,143.0,139.5,141.0,20550111
89,2010-05-18,142.0,142.0,140.5,141.0,10066264
90,2010-05-19,139.0,140.0,136.5,137.5,33272006
91,2010-05-20,136.5,137.0,134.0,134.0,29661007
92,2010-05-21,130.0,132.5,129.5,131.0,31055267
93,2010-05-24,132.0,133.5,131.5,132.5,14359230
94,2010-05-25,131.0,131.0,124.0,126.0,37823297
95,2010-05-26,129.0,130.5,127.5,129.0,29855410
96,2010-05-27,127.0,128.5,126.0,128.5,32235830
97,2010-05-28,130.0,130.0,126.0,127.0,45647423
98,2010-05-31,126.0,126.5,122.5,124.5,66503196
99,2010-06-01,123.0,126.0,122.5,124.5,51531363
100,2010-06-02,123.5,124.0,119.0,119.5,67491952
101,2010-06-03,122.0,125.0,121.5,125.0,51397611
102,2010-06-04,125.0,125.0,123.5,124.5,28456640
103,2010-06-07,118.0,119.0,116.0,117.5,90032318
104,2010-06-08,115.0,116.0,110.0,111.5,134172843
105,2010-06-09,113.0,115.5,112.5,113.5,84474737
106,2010-06-10,115.0,118.0,114.0,117.5,42215854
107,2010-06-11,120.5,121.0,118.5,118.5,47339055
108,2010-06-14,120.0,121.0,119.0,120.5,30107546
109,2010-06-15,121.0,122.0,119.5,121.0,29143207
110,2010-06-17,122.0,123.0,121.0,123.0,33105847
111,2010-06-18,124.0,124.0,121.5,123.0,19968712
112,2010-06-21,125.0,126.5,124.0,126.5,32417770
113,2010-06-22,126.5,126.5,123.5,123.5,24940639
114,2010-06-23,121.5,123.5,121.5,122.5,20935840
115,2010-06-24,123.5,123.5,122.5,122.5,10180110
116,2010-06-25,120.5,121.5,119.0,120.5,19776589
117,2010-06-28,120.0,121.5,119.5,120.5,12474452
118,2010-06-29,122.5,123.5,120.0,121.0,21340819
119,2010-06-30,116.0,117.0,114.0,114.0,58844748
120,2010-07-01,114.0,115.0,112.0,113.0,36523346
121,2010-07-02,112.5,114.0,111.5,112.0,31905129
122,2010-07-05,112.0,116.0,112.0,116.0,19617520
123,2010-07-06,114.0,116.5,113.0,116.5,23749632
124,2010-07-07,117.0,117.5,116.0,116.5,15462018
125,2010-07-08,118.5,120.0,118.0,120.0,31965260
126,2010-07-09,120.5,121.0,118.5,120.5,23786756
127,2010-07-12,123.0,123.0,120.0,121.0,33219633
128,2010-07-13,122.0,122.5,120.0,120.0,22073035
129,2010-07-14,123.0,124.0,122.0,123.5,43773783
130,2010-07-15,124.0,124.5,123.0,123.0,28905288
131,2010-07-16,123.0,123.5,120.5,120.5,13201993
132,2010-07-19,118.5,119.5,118.0,119.0,19309928
133,2010-07-20,119.5,121.0,118.5,119.5,17433474
134,2010-07-21,119.5,120.5,118.5,119.0,18182745
135,2010-07-22,118.5,120.0,118.0,119.0,13409486
136,2010-07-23,121.0,125.5,121.0,125.0,67995527
137,2010-07-26,126.0,129.0,126.0,129.0,53842943
138,2010-07-27,130.0,130.5,128.5,130.0,36465918
139,2010-07-28,130.0,131.0,129.0,131.0,21567944
140,2010-07-29,130.0,131.5,129.5,131.0,19199203
141,2010-07-30,130.0,130.0,128.5,129.0,13215592
142,2010-08-02,130.0,134.5,130.0,133.5,31338835
143,2010-08-03,135.0,136.5,134.5,136.0,29982512
144,2010-08-04,136.0,136.5,133.5,134.0,18567577
145,2010-08-05,135.5,136.0,133.0,134.0,14321439
146,2010-08-06,134.0,135.5,133.5,135.0,14401579
147,2010-08-09,134.0,136.0,134.0,136.0,12333101
148,2010-08-10,136.5,137.0,133.5,134.0,17856170
149,2010-08-11,133.0,134.0,130.0,131.0,22592338
150,2010-08-12,128.5,130.5,128.0,130.0,22122485
151,2010-08-13,130.0,131.0,129.0,130.5,20297401
152,2010-08-16,130.0,132.0,128.5,132.0,15169745
153,2010-08-17,131.0,132.0,131.0,131.5,13214502
154,2010-08-18,132.0,132.5,130.0,131.0,16252032
155,2010-08-19,130.0,135.0,129.0,135.0,32621167
156,2010-08-20,134.5,135.0,133.5,134.5,17296281
157,2010-08-23,135.5,137.5,134.5,135.0,35290790
158,2010-08-24,135.0,135.0,132.5,133.0,48703229
159,2010-08-26,119.5,121.0,118.5,119.0,47008522
160,2010-08-27,119.0,120.0,118.0,120.0,28583107
161,2010-08-30,122.0,122.0,120.5,121.0,19036664
162,2010-08-31,113.0,115.5,113.0,113.0,95523149
163,2010-09-01,109.5,110.5,108.0,108.5,124422358
164,2010-09-02,110.0,111.5,110.0,110.5,43433447
165,2010-09-03,111.0,113.0,111.0,111.5,34661069
166,2010-09-06,110.0,110.0,106.5,108.5,53059157
167,2010-09-07,108.0,108.5,106.0,107.5,31648945
168,2010-09-08,106.5,109.5,106.5,108.0,29737514
169,2010-09-09,108.5,109.0,106.0,107.0,30413852
170,2010-09-10,108.0,109.0,107.0,108.0,22267675
171,2010-09-13,111.0,115.0,111.0,115.0,54451405
172,2010-09-14,115.5,117.0,113.5,115.5,38563953
173,2010-09-15,116.0,116.0,114.0,115.5,25061563
174,2010-09-16,116.5,117.0,114.5,115.0,20033854
175,2010-09-17,115.5,116.0,115.0,115.0,26999201
176,2010-09-20,115.5,116.0,114.5,115.0,13547476
177,2010-09-21,116.0,116.5,115.0,116.0,19448685
178,2010-09-23,116.0,118.0,116.0,118.0,29869304
179,2010-09-24,117.0,117.5,115.5,117.5,20289686
180,2010-09-27,118.0,118.5,117.0,117.0,17592717
181,2010-09-28,117.5,118.0,117.0,117.5,14421690
182,2010-09-29,118.5,119.0,117.0,117.5,25153594
183,2010-09-30,117.0,118.0,116.5,117.5,16840129
184,2010-10-01,116.5,117.0,113.5,114.5,41539207
185,2010-10-04,116.0,117.0,115.0,116.5,22772031
186,2010-10-05,117.0,117.0,115.0,116.0,19368863
187,2010-10-06,117.5,118.0,117.0,118.0,20656598
188,2010-10-07,118.5,118.5,117.0,118.0,18668695
189,2010-10-08,120.0,121.5,118.5,118.5,34502842
190,2010-10-11,119.5,119.5,116.5,117.0,17813160
191,2010-10-12,117.0,117.0,113.0,113.0,41802587
192,2010-10-13,114.0,115.5,114.0,114.5,25578419
193,2010-10-14,116.0,116.5,115.0,115.5,20966379
194,2010-10-15,114.5,116.0,114.5,116.0,18645394
195,2010-10-18,116.0,116.0,113.0,113.0,25000974
196,2010-10-19,113.0,113.5,112.0,112.0,22277617
197,2010-10-20,111.0,114.5,111.0,114.0,32862365
198,2010-10-21,114.0,114.5,112.5,113.0,20697571
199,2010-10-22,114.5,114.5,113.0,114.0,16111879
200,2010-10-25,114.0,118.5,114.0,118.5,46473212
201,2010-10-26,119.0,119.0,117.0,118.0,17656603
202,2010-10-27,118.0,119.0,116.0,116.0,16083156
203,2010-10-28,116.0,118.0,115.0,116.5,26111896
204,2010-10-29,117.5,117.5,115.5,116.0,11024253
205,2010-11-01,118.0,118.0,116.5,117.0,21947562
206,2010-11-02,116.5,117.0,116.0,116.5,12003827
207,2010-11-03,117.0,117.5,115.0,115.0,17667831
208,2010-11-04,116.0,117.0,115.0,117.0,18447095
209,2010-11-05,118.5,118.5,117.0,117.0,27678975
210,2010-11-08,117.5,117.5,115.0,116.0,15111651
211,2010-11-09,116.0,116.5,115.0,115.0,17615447
212,2010-11-10,116.0,117.0,115.5,116.5,18113677
213,2010-11-11,116.0,116.5,115.5,115.5,22839051
214,2010-11-12,115.0,115.5,113.0,113.5,35815191
215,2010-11-15,113.0,113.0,111.5,112.0,31115663
216,2010-11-16,111.5,113.0,111.0,113.0,19718105
217,2010-11-17,112.0,113.0,112.0,112.5,20803581
218,2010-11-18,113.0,113.5,112.0,113.5,15246957
219,2010-11-19,114.5,116.0,113.5,114.0,27972288
220,2010-11-22,114.5,115.5,114.5,115.0,22549673
221,2010-11-23,115.0,115.0,113.0,113.0,21841596
222,2010-11-24,112.5,113.0,112.0,112.0,22397388
223,2010-11-25,113.5,113.5,111.5,112.0,26367889
224,2010-11-26,112.5,112.5,111.0,111.0,31492795
225,2010-11-29,112.0,112.5,109.5,110.0,38723064
226,2010-11-30,110.0,111.0,108.5,108.5,41335240
227,2010-12-01,109.0,110.5,109.0,110.5,33886005
228,2010-12-02,111.0,111.5,109.0,109.0,32022932
229,2010-12-03,110.5,113.0,110.0,112.5,45208057
230,2010-12-06,112.5,114.0,112.0,113.0,30978315
231,2010-12-07,113.0,113.5,112.5,113.5,21123797
232,2010-12-08,113.5,114.0,112.5,113.0,17024585
233,2010-12-09,113.5,114.0,113.0,113.5,24785068
234,2010-12-10,113.0,114.0,112.5,113.5,23458969
235,2010-12-13,113.5,113.5,112.5,112.5,21204855
236,2010-12-14,113.5,116.0,113.0,115.0,47138675
237,2010-12-15,115.5,116.0,114.0,115.0,24869315
238,2010-12-16,115.0,116.0,114.5,116.0,23309966
239,2010-12-17,116.5,117.0,115.0,115.0,22769704
240,2010-12-20,116.0,116.0,114.5,114.5,14042668
241,2010-12-21,115.0,116.0,114.5,115.5,14228564
242,2010-12-22,115.0,116.0,115.0,116.0,13339839
243,2010-12-23,117.0,118.5,116.5,118.0,41361636
244,2010-12-24,118.0,118.5,117.0,117.0,16217789
245,2010-12-27,117.0,117.5,116.0,117.0,10061552
246,2010-12-28,118.0,118.0,116.0,117.0,11297053
247,2010-12-29,117.5,117.5,115.5,115.5,15078500
248,2010-12-30,116.0,117.5,116.0,117.0,19153731
249,2010-12-31,117.0,117.5,116.5,117.5,15680931
250,2011-01-03,118.0,118.0,117.0,117.5,14930270
251,2011-01-04,118.0,119.0,117.5,117.5,25370452
252,2011-01-05,117.5,118.0,114.0,114.5,29439287
253,2011-01-06,114.5,115.0,114.0,114.5,18471341
254,2011-01-07,114.5,115.5,113.0,114.0,17206955
255,2011-01-10,114.5,114.5,112.5,113.5,12554073
256,2011-01-11,114.5,116.5,114.0,116.0,26096416
257,2011-01-12,116.5,117.0,115.5,116.0,14365650
258,2011-01-13,116.5,117.0,115.5,117.0,23531718
259,2011-01-14,117.0,117.0,116.0,117.0,11335074
260,2011-01-17,117.0,117.0,115.0,115.0,10551295
261,2011-01-18,114.0,115.0,114.0,115.0,14797820
262,2011-01-19,116.0,117.0,115.0,117.0,19337292
263,2011-01-20,117.0,118.0,116.0,117.5,31822170
264,2011-01-21,117.0,117.5,115.5,115.5,18605253
265,2011-01-24,116.0,116.0,115.0,116.0,8356181
266,2011-01-25,117.0,117.0,116.0,116.5,20918405
267,2011-01-26,117.0,121.0,116.5,120.5,79440012
268,2011-01-27,123.0,126.0,123.0,124.0,105944479
269,2011-01-28,125.0,125.5,123.0,125.0,58188377
270,2011-02-08,126.0,126.5,124.0,124.5,59411810
271,2011-02-09,124.0,125.0,119.0,120.0,54040668
272,2011-02-10,118.0,121.0,117.0,119.0,35167864
273,2011-02-11,118.5,119.0,116.0,116.0,32272273
274,2011-02-14,116.5,118.0,116.0,117.0,24841558
275,2011-02-15,116.5,116.5,115.0,115.0,21198131
276,2011-02-16,115.0,116.0,115.0,115.0,19578614
277,2011-02-17,115.5,116.5,115.0,115.0,22443110
278,2011-02-18,116.0,117.0,116.0,116.5,17018538
279,2011-02-21,116.0,116.0,113.5,114.0,31101291
280,2011-02-22,112.0,112.0,110.0,111.5,37630681
281,2011-02-23,110.0,112.0,110.0,110.0,37091364
282,2011-02-24,110.0,111.5,109.0,109.0,25714668
283,2011-02-25,110.0,111.0,109.0,109.0,32489916
284,2011-03-01,110.0,114.0,109.5,114.0,33579950
285,2011-03-02,113.0,113.0,111.5,112.0,22052486
286,2011-03-03,113.0,114.0,112.5,113.5,18752002
287,2011-03-04,115.5,118.0,115.0,117.5,49761092
288,2011-03-07,117.5,118.0,116.0,117.0,18333437
289,2011-03-08,116.0,117.0,115.5,116.0,16243961
290,2011-03-09,117.5,117.5,116.0,116.5,11609960
291,2011-03-10,116.0,116.0,113.0,113.5,23437789
292,2011-03-11,113.0,113.5,112.0,113.0,18134772
293,2011-03-14,111.5,113.0,109.5,112.5,21201949
294,2011-03-15,111.0,112.0,105.5,109.0,40112105
295,2011-03-16,109.0,110.0,105.0,105.5,74756085
296,2011-03-17,102.0,102.0,99.9,101.0,75091176
297,2011-03-18,102.0,102.5,100.0,100.5,59185820
298,2011-03-21,101.0,104.0,101.0,104.0,29231760
299,2011-03-22,105.0,106.0,104.0,104.5,28114326
300,2011-03-23,104.5,104.5,103.0,103.0,20981493
301,2011-03-24,104.0,105.0,104.0,104.5,18019487
302,2011-03-25,106.5,106.5,105.0,106.0,23206776
303,2011-03-28,106.0,106.0,104.5,105.0,17323998
304,2011-03-29,105.0,106.0,104.0,106.0,14388226
305,2011-03-30,104.5,106.0,104.0,104.5,31603731
306,2011-03-31,104.0,104.0,102.0,103.0,28531347
307,2011-04-01,104.0,106.0,103.5,106.0,21293136
308,2011-04-06,107.5,109.5,106.5,109.5,40364768
309,2011-04-07,109.5,110.0,107.5,109.5,19576846
310,2011-04-08,109.5,109.5,106.5,107.5,19912802
311,2011-04-11,109.0,109.0,107.0,109.0,27682735
312,2011-04-12,108.5,108.5,105.5,105.5,20097094
313,2011-04-13,106.0,106.5,105.0,106.5,12979483
314,2011-04-14,107.0,109.0,106.5,108.5,25335234
315,2011-04-15,109.0,109.0,104.0,105.0,26802328
316,2011-04-18,105.0,107.5,104.5,105.0,28225751
317,2011-04-19,104.0,104.5,103.0,103.5,20137091
318,2011-04-20,105.5,108.0,105.0,108.0,29006300
319,2011-04-21,110.0,111.5,109.0,109.5,42306073
320,2011-04-22,109.5,110.0,108.5,109.5,15628002
321,2011-04-25,110.0,111.0,107.5,107.5,10725977
322,2011-04-26,106.5,108.5,106.0,108.5,13751376
323,2011-04-27,109.0,109.5,108.0,109.0,18710462
324,2011-04-28,109.0,109.5,107.0,109.0,36254097
325,2011-04-29,108.0,108.5,107.0,108.5,15940074
326,2011-05-03,108.0,108.0,105.0,106.0,29005891
327,2011-05-04,106.5,106.5,105.0,106.0,17273510
328,2011-05-05,106.0,108.5,105.0,108.0,19918193
329,2011-05-06,108.0,108.5,106.5,107.5,21006739
330,2011-05-09,108.5,109.0,107.5,109.0,19464802
331,2011-05-10,109.5,109.5,108.5,109.0,12959150
332,2011-05-11,110.0,110.5,109.5,110.5,22954773
333,2011-05-12,110.0,110.0,108.5,109.0,19350381
334,2011-05-13,109.5,110.0,108.0,108.5,16154387
335,2011-05-16,107.5,108.0,106.0,106.0,21554472
336,2011-05-17,106.0,106.0,104.0,104.0,28997288
337,2011-05-18,103.5,106.0,103.5,106.0,13180034
338,2011-05-19,106.0,106.5,104.0,104.0,19587155
339,2011-05-20,104.5,105.0,103.0,103.0,19044747
340,2011-05-23,99.5,101.0,97.7,100.0,52000524
341,2011-05-24,100.5,103.0,100.5,103.0,18188631
342,2011-05-25,103.0,103.0,100.5,101.0,17683723
343,2011-05-26,103.0,103.0,101.0,101.5,12102825
344,2011-05-27,101.5,102.0,101.0,101.0,15633538
345,2011-05-30,100.5,101.0,100.0,100.0,23670280
346,2011-05-31,100.0,101.5,100.0,100.5,46496446
347,2011-06-01,101.5,102.5,101.5,102.0,23941052
348,2011-06-02,100.5,101.0,99.9,100.0,37199192
349,2011-06-03,101.0,101.0,99.9,100.5,21823416
350,2011-06-07,101.0,101.5,99.9,100.0,18086435
351,2011-06-08,100.5,101.5,100.5,100.5,19578604
352,2011-06-09,101.5,103.0,101.5,102.0,34848176
353,2011-06-10,103.0,103.0,100.0,100.0,27706606
354,2011-06-13,100.0,101.0,99.9,100.0,22704352
355,2011-06-14,100.0,101.5,100.0,100.5,18968318
356,2011-06-15,100.5,101.0,99.0,99.5,44077516
357,2011-06-16,98.5,99.1,97.8,98.4,34684414
358,2011-06-17,99.0,99.8,98.7,98.7,17326052
359,2011-06-20,100.5,100.5,98.1,98.4,15894164
360,2011-06-21,100.0,100.5,99.2,100.5,14501855
361,2011-06-22,101.0,101.5,99.0,99.0,19588560
362,2011-06-23,98.4,99.4,98.0,98.1,21770355
363,2011-06-24,97.7,98.7,97.5,97.6,21144307
364,2011-06-27,97.2,97.2,95.6,96.0,29856223
365,2011-06-28,96.2,96.9,94.9,95.0,25542791
366,2011-06-29,96.0,97.9,95.3,97.6,25431719
367,2011-06-30,97.4,98.5,96.8,98.5,14728782
368,2011-07-01,98.9,98.9,97.3,97.6,16017937
369,2011-07-04,98.6,98.6,96.3,96.5,16819517
370,2011-07-05,96.8,97.1,96.1,96.1,13036301
371,2011-07-06,95.9,99.5,95.8,98.5,27014732
372,2011-07-07,98.6,99.0,97.6,97.7,14879880
373,2011-07-08,98.9,99.4,97.7,97.7,17405469
374,2011-07-11,99.0,99.0,96.0,96.3,35051224
375,2011-07-12,95.8,96.0,94.6,95.2,25409935
376,2011-07-13,95.0,95.1,90.8,91.7,61154666
377,2011-07-14,91.7,92.4,90.0,90.3,48883516
378,2011-07-15,90.5,92.2,90.2,92.2,30393678
379,2011-07-18,91.7,91.7,88.3,88.5,36892255
380,2011-07-19,88.4,89.6,88.2,89.1,25610354
381,2011-07-20,90.3,93.5,90.3,93.2,51382854
382,2011-07-21,92.5,92.5,91.3,92.3,24239912
383,2011-07-22,93.4,93.5,91.8,91.8,23798144
384,2011-07-25,91.5,91.6,90.5,91.6,16361385
385,2011-07-26,91.6,92.7,90.9,92.2,24703952
386,2011-07-27,91.1,92.2,91.1,92.0,19560956
387,2011-07-28,91.0,91.8,90.1,90.3,49917849
388,2011-08-01,82.8,85.5,82.8,85.0,40738615
389,2011-08-02,84.5,84.5,82.8,83.2,23492499
390,2011-08-03,81.8,81.9,80.0,80.6,59113137
391,2011-08-04,80.5,81.3,78.5,78.5,44449166
392,2011-08-05,73.1,74.8,73.1,73.1,71956116
393,2011-08-08,73.5,75.3,70.0,71.2,67032358
394,2011-08-09,68.3,74.7,67.5,71.0,104337101
395,2011-08-10,74.1,74.3,72.6,73.7,70674373
396,2011-08-11,72.6,75.1,71.5,73.7,41020464
397,2011-08-12,74.9,75.0,72.9,72.9,42268117
398,2011-08-15,74.7,74.9,74.0,74.7,22217379
399,2011-08-16,75.0,75.5,73.8,74.2,22524211
400,2011-08-17,74.6,75.9,73.6,74.1,40359827
401,2011-08-18,73.8,73.8,71.2,71.8,60494883
402,2011-08-19,69.2,69.8,67.3,68.0,85983689
403,2011-08-22,68.0,69.3,66.7,67.0,63365292
404,2011-08-23,67.0,67.3,64.3,66.0,110545142
405,2011-08-24,66.1,66.8,64.8,64.8,88078535
406,2011-08-25,64.8,65.0,61.5,61.8,73234529
407,2011-08-26,62.3,64.8,62.3,64.2,57298511
408,2011-08-29,64.0,65.3,63.3,64.2,37064327
409,2011-08-30,68.4,68.6,66.6,68.6,43862205
410,2011-08-31,70.0,73.3,69.9,73.3,127676382
411,2011-09-01,76.2,77.5,73.8,74.1,110672451
412,2011-09-02,74.0,76.0,73.4,76.0,65784060
413,2011-09-05,74.3,74.3,73.0,73.0,56383059
414,2011-09-06,72.0,73.9,72.0,72.1,46827060
415,2011-09-07,73.3,73.8,72.8,73.1,38632364
416,2011-09-08,73.2,73.5,71.1,71.1,73255317
417,2011-09-09,71.6,73.7,71.3,72.7,57142916
418,2011-09-13,70.0,70.7,69.0,69.3,58477345
419,2011-09-14,70.9,70.9,66.6,67.3,79759262
420,2011-09-15,69.0,70.2,68.3,69.9,45494525
421,2011-09-16,71.0,72.3,70.8,71.0,48354064
422,2011-09-19,71.1,71.7,70.6,71.4,25251845
423,2011-09-20,72.1,73.2,71.7,72.5,55315990
424,2011-09-21,73.2,73.2,72.0,72.8,47806566
425,2011-09-22,71.2,71.5,70.4,70.9,40971166
426,2011-09-23,67.2,70.0,67.1,69.0,55118364
427,2011-09-26,69.4,70.0,68.3,68.6,34408332
428,2011-09-27,69.0,69.8,67.5,68.1,56060845
429,2011-09-28,68.2,70.0,68.2,69.0,41337687
430,2011-09-29,68.5,70.7,68.4,70.0,32189272
431,2011-09-30,70.0,70.9,68.6,69.2,37105048
432,2011-10-03,68.5,68.7,67.6,67.8,29512206
433,2011-10-04,67.3,69.0,66.6,68.9,28605204
434,2011-10-05,68.3,69.1,67.6,67.6,17674103
435,2011-10-06,68.9,70.9,68.5,70.0,50781699
436,2011-10-07,71.0,71.8,70.6,71.0,41253990
437,2011-10-11,73.1,73.3,72.5,73.2,50336936
438,2011-10-12,73.0,73.2,72.1,72.9,24159930
439,2011-10-13,73.2,73.3,71.2,72.0,36848369
440,2011-10-14,72.5,72.8,71.7,72.0,17855561
441,2011-10-17,73.0,75.0,72.8,75.0,66404549
442,2011-10-18,74.2,74.7,73.1,74.2,48019462
443,2011-10-19,74.4,74.8,72.6,74.5,43998195
444,2011-10-20,74.8,75.2,72.4,72.7,48244467
445,2011-10-21,72.9,73.4,71.8,73.4,24549511
446,2011-10-24,74.6,76.0,74.5,75.9,68629608
447,2011-10-25,76.5,79.0,76.1,78.8,108039790
448,2011-10-26,78.4,81.2,78.0,80.4,92746130
449,2011-10-27,80.5,81.0,79.9,80.9,61694455
450,2011-10-28,83.5,84.1,81.5,81.7,72239331
451,2011-10-31,83.3,83.4,82.2,83.3,60446247
452,2011-11-01,84.0,87.0,82.6,86.9,109079203
453,2011-11-02,85.5,86.9,84.4,86.9,78453341
454,2011-11-03,86.8,86.8,83.8,83.8,80874765
455,2011-11-04,85.9,86.4,84.5,84.6,47602870
456,2011-11-07,84.9,85.0,83.6,84.1,27424148
457,2011-11-08,83.6,85.1,83.6,84.2,25076289
458,2011-11-09,84.2,84.5,82.5,82.6,41392298
459,2011-11-10,80.3,81.0,78.0,79.1,77484792
460,2011-11-11,81.8,82.3,80.7,82.3,51226686
461,2011-11-14,83.8,84.1,83.1,83.8,37442342
462,2011-11-15,83.5,83.7,82.3,82.5,25314596
463,2011-11-16,83.0,83.5,81.4,82.0,25768539
464,2011-11-17,81.5,82.1,81.3,81.9,24817446
465,2011-11-18,80.1,81.0,80.1,80.1,28112583
466,2011-11-21,78.5,79.5,78.1,78.2,31265664
467,2011-11-22,79.1,79.4,77.5,77.6,35171913
468,2011-11-23,77.0,77.5,75.2,75.2,43662957
469,2011-11-24,74.6,76.6,73.1,76.0,41025795
470,2011-11-25,76.6,78.1,75.0,75.7,37432477
471,2011-11-28,76.7,78.4,76.7,77.9,34884569
472,2011-11-29,78.6,79.4,77.9,79.3,33402475
473,2011-11-30,80.0,80.0,78.5,79.7,38695718
474,2011-12-01,83.9,84.0,82.4,82.8,52829523
475,2011-12-02,82.6,83.4,81.7,81.8,23260024
476,2011-12-05,82.5,82.5,81.1,82.2,19096638
477,2011-12-06,82.0,82.0,80.0,80.0,23824094
478,2011-12-07,80.7,81.8,80.7,81.3,21740708
479,2011-12-08,81.8,81.8,80.5,81.6,23038988
480,2011-12-09,80.4,80.8,79.5,79.7,25415088
481,2011-12-12,82.2,82.5,81.5,81.9,24478110
482,2011-12-13,81.3,82.0,80.9,81.5,21293150
483,2011-12-14,81.9,81.9,80.9,81.9,15852753
484,2011-12-15,81.4,81.4,78.6,78.8,38720965
485,2011-12-16,78.8,80.0,78.3,80.0,22237549
486,2011-12-19,79.1,79.4,77.3,77.8,28500915
487,2011-12-20,77.9,78.9,77.8,78.0,27001049
488,2011-12-21,83.0,83.0,81.5,82.5,53369515
489,2011-12-22,82.5,82.5,81.1,82.0,29071115
490,2011-12-23,82.3,83.5,82.3,82.9,42116052
491,2011-12-26,83.0,83.2,82.5,82.5,17918383
492,2011-12-27,82.5,82.8,81.8,82.2,13298950
493,2011-12-28,82.9,83.1,82.3,82.5,17687963
494,2011-12-29,82.5,82.9,81.8,82.9,20808776
495,2011-12-30,83.0,83.4,82.2,82.9,30154483
496,2012-01-02,82.5,82.5,81.4,81.4,17064587
497,2012-01-03,82.2,83.0,81.9,82.7,22784948
498,2012-01-04,83.0,83.9,82.8,83.2,27306070
499,2012-01-05,83.6,83.6,82.9,83.2,18964011
500,2012-01-06,83.6,84.4,83.0,83.9,42532516
501,2012-01-09,84.1,84.3,83.4,84.3,23958673
502,2012-01-10,84.9,86.4,84.8,86.4,75687431
503,2012-01-11,87.0,88.0,86.2,86.2,54291646
504,2012-01-12,86.5,86.9,85.9,86.6,39254043
505,2012-01-13,86.8,87.0,84.8,85.2,87049259
506,2012-01-16,86.7,86.7,83.5,83.5,40528913
507,2012-01-17,84.8,87.0,84.1,87.0,73986951
508,2012-01-18,87.5,88.3,87.3,87.7,73790710
509,2012-01-30,93.0,93.8,91.5,93.8,104798303
510,2012-01-31,95.1,96.7,94.0,95.3,104510867
511,2012-02-01,95.5,95.5,94.3,95.2,43267706
512,2012-02-02,96.0,96.7,94.7,96.7,47470003
513,2012-02-03,96.6,97.7,96.1,97.6,52540094
514,2012-02-04,98.0,98.0,95.5,95.5,25491156
515,2012-02-06,95.5,95.5,93.5,94.0,38055495
516,2012-02-07,94.0,97.5,93.9,97.3,51196840
517,2012-02-08,98.3,102.5,98.3,101.5,95432729
518,2012-02-09,101.5,103.5,100.5,103.5,76177605
519,2012-02-10,102.5,103.0,99.9,102.0,51891758
520,2012-02-13,100.0,103.0,99.7,102.5,43511470
521,2012-02-14,102.0,102.0,100.0,101.0,29786387
522,2012-02-15,101.5,103.5,100.5,103.5,43932892
523,2012-02-16,103.0,103.5,101.0,102.0,33903329
524,2012-02-17,103.5,104.5,101.5,101.5,47465392
525,2012-02-20,101.5,102.0,99.5,99.7,40498979
526,2012-02-21,97.5,98.1,95.3,96.8,60421144
527,2012-02-22,95.5,98.6,95.5,97.6,59936897
528,2012-02-23,97.6,98.7,96.8,97.1,29293189
529,2012-02-24,99.5,99.5,98.2,99.0,43140671
530,2012-02-29,100.5,102.5,100.0,102.5,65358160
531,2012-03-01,102.5,104.0,102.0,102.5,33931576
532,2012-03-02,104.0,104.0,101.5,102.5,20620037
533,2012-03-03,102.0,102.0,100.5,101.0,11832921
534,2012-03-05,101.5,101.5,99.3,100.5,20159344
535,2012-03-06,100.5,100.5,98.0,99.8,26836976
536,2012-03-07,98.3,99.4,98.2,98.8,17343054
537,2012-03-08,99.5,101.5,99.4,101.0,26193183
538,2012-03-09,102.0,102.0,101.0,101.5,26601202
539,2012-03-12,101.0,102.0,100.0,100.5,20003521
540,2012-03-13,102.0,103.0,101.0,102.5,34627444
541,2012-03-14,104.0,104.5,103.0,103.5,39369355
542,2012-03-15,104.0,104.0,102.5,104.0,22681897
543,2012-03-16,104.5,106.0,104.5,104.5,62527042
544,2012-03-19,104.5,105.0,101.5,104.0,22320835
545,2012-03-20,104.0,104.0,102.0,102.0,18463313
546,2012-03-21,103.0,103.5,101.5,102.5,24835286
547,2012-03-22,103.5,105.0,103.5,105.0,47042278
548,2012-03-23,105.0,106.0,104.0,106.0,36639275
549,2012-03-26,106.5,106.5,105.0,106.0,39502872
550,2012-03-27,107.0,108.0,106.0,108.0,40287936
551,2012-03-28,112.0,115.5,111.0,113.0,101348509
552,2012-03-29,113.0,117.0,112.0,116.0,121046734
553,2012-03-30,114.5,115.0,112.5,114.5,65210259
554,2012-04-02,114.0,115.5,111.0,111.0,36093439
555,2012-04-03,111.5,112.5,109.0,110.0,56835141
556,2012-04-05,108.0,112.0,107.5,111.0,54016626
557,2012-04-06,111.0,112.0,110.0,111.0,23632242
558,2012-04-09,108.5,110.5,108.0,109.5,21338090
559,2012-04-10,110.5,111.5,108.5,110.0,19426906
560,2012-04-11,110.0,114.0,110.0,113.5,46596619
561,2012-04-12,113.5,114.0,112.0,114.0,30431581
562,2012-04-13,115.0,115.5,113.0,114.5,31394716
563,2012-04-16,114.0,114.5,112.5,114.5,19315958
564,2012-04-17,114.5,115.0,108.5,110.0,52663743
565,2012-04-18,112.5,113.0,108.0,108.0,32839068
566,2012-04-19,108.0,108.0,105.0,105.5,42571974
567,2012-04-20,105.5,106.5,103.0,103.0,49964156
568,2012-04-23,101.0,101.5,99.5,99.9,50776048
569,2012-04-24,100.0,104.0,100.0,103.5,39841625
570,2012-04-25,106.5,106.5,104.0,106.0,46055080
571,2012-04-26,107.0,107.0,104.0,104.0,31249413
572,2012-04-27,103.5,104.0,98.5,99.3,67189682
573,2012-04-30,92.4,92.4,92.4,92.4,25028092
574,2012-05-02,86.0,91.0,86.0,89.6,314992995
575,2012-05-03,88.5,90.6,87.7,90.0,86642714
576,2012-05-04,90.3,90.4,89.3,90.0,49326935
577,2012-05-07,89.0,89.0,88.1,88.5,50112988
578,2012-05-08,89.5,89.5,88.5,88.5,27939762
579,2012-05-09,88.0,88.0,86.7,87.3,48066380
580,2012-05-10,87.3,88.7,87.3,87.7,24850574
581,2012-05-11,87.0,87.4,86.1,86.4,39586844
582,2012-05-14,86.4,87.9,86.3,86.9,31223494
583,2012-05-15,85.5,85.6,84.1,85.4,59836229
584,2012-05-16,85.3,85.8,82.8,82.8,58824903
585,2012-05-17,84.0,86.4,83.3,85.7,44580973
586,2012-05-18,83.9,84.6,83.1,83.2,36291970
587,2012-05-21,83.2,84.1,83.0,83.2,22694138
588,2012-05-22,85.0,87.3,84.7,87.2,42233316
589,2012-05-23,86.9,87.3,85.4,87.0,33935672
590,2012-05-24,88.0,88.0,84.8,85.3,31909070
591,2012-05-25,85.3,86.1,84.0,84.1,26290515
592,2012-05-28,83.8,85.6,83.8,85.4,16570968
593,2012-05-29,86.3,89.9,86.1,89.5,56444880
594,2012-05-30,89.5,89.5,87.8,88.9,50264903
595,2012-05-31,87.5,88.0,86.9,87.5,42470698
596,2012-06-01,87.1,87.5,85.3,85.3,36539870
597,2012-06-04,83.0,83.7,80.9,82.0,45093762
598,2012-06-05,83.3,84.0,81.5,82.2,28335561
599,2012-06-06,83.4,83.5,81.7,82.8,24954772
600,2012-06-07,85.0,85.0,83.5,83.9,27580589
601,2012-06-08,82.6,83.3,81.2,81.7,31650945
602,2012-06-11,83.0,84.2,83.0,83.8,24849688
603,2012-06-12,82.0,82.8,81.9,82.5,23659000
604,2012-06-13,83.1,83.1,82.0,82.0,20105474
605,2012-06-14,82.2,82.7,81.6,82.1,14463204
606,2012-06-15,82.6,84.5,82.3,84.5,31402827
607,2012-06-18,86.6,87.3,86.4,86.5,30829970
608,2012-06-19,86.9,86.9,85.5,86.3,24647136
609,2012-06-20,86.6,87.1,86.0,87.0,25342265
610,2012-06-21,87.0,87.0,85.9,86.1,20145109
611,2012-06-22,85.2,86.7,84.9,86.6,20071769
612,2012-06-25,86.2,86.8,85.0,86.5,22522334
613,2012-06-26,86.2,86.2,85.5,86.0,25077396
614,2012-06-27,85.9,86.9,85.9,86.5,18155646
615,2012-06-28,87.9,88.4,87.5,87.9,30590292
616,2012-06-29,88.4,89.8,88.1,89.4,34617647
617,2012-07-02,89.8,90.0,88.8,89.0,23144828
618,2012-07-03,89.0,90.6,89.0,90.5,34454544
619,2012-07-04,90.7,92.0,90.1,92.0,37675667
620,2012-07-05,91.5,92.2,90.8,91.4,17616369
621,2012-07-06,91.3,91.8,89.9,91.4,22171831
622,2012-07-09,90.8,91.9,90.5,91.9,17953357
623,2012-07-10,92.0,92.5,89.4,90.1,37580356
624,2012-07-11,88.3,90.0,88.2,89.9,20515196
625,2012-07-12,89.2,90.0,87.1,87.1,36874189
626,2012-07-13,86.9,87.4,86.5,87.0,25431304
627,2012-07-16,88.0,88.2,87.2,87.5,11685017
628,2012-07-17,87.5,88.8,87.1,88.5,18398789
629,2012-07-18,88.0,88.0,87.0,87.0,25496573
630,2012-07-19,88.5,88.5,87.7,88.3,16462637
631,2012-07-20,88.0,89.6,87.9,89.6,17997772
632,2012-07-23,88.4,88.4,86.3,86.6,27095899
633,2012-07-24,86.3,86.3,85.0,85.6,26416449
634,2012-07-25,81.1,83.0,81.0,81.9,66421250
635,2012-07-26,81.9,82.3,80.2,80.5,66987728
636,2012-07-27,82.9,83.5,81.7,83.5,37455949
637,2012-07-30,83.5,83.5,82.5,82.8,29193135
638,2012-07-31,82.0,85.2,82.0,84.6,29937283
639,2012-08-01,85.0,85.2,83.6,84.8,27796767
640,2012-08-03,82.0,83.1,79.0,81.6,59067378
641,2012-08-06,87.3,87.3,86.0,87.3,69231360
642,2012-08-07,87.0,87.3,85.0,87.3,32477399
643,2012-08-08,87.8,88.1,87.0,87.3,27285830
644,2012-08-09,88.0,91.5,87.9,91.0,77166257
645,2012-08-13,86.5,86.5,84.5,84.9,31984536
646,2012-08-14,85.0,86.3,84.9,85.0,40206424
647,2012-08-15,85.3,85.4,83.8,84.5,30822128
648,2012-08-16,85.0,85.3,84.0,84.1,22476280
649,2012-08-17,84.3,85.6,84.2,84.5,25349172
650,2012-08-20,85.4,85.5,84.6,84.8,18526706
651,2012-08-21,85.5,87.3,85.5,85.9,51487597
652,2012-08-22,85.7,86.3,85.3,86.1,19916800
653,2012-08-23,86.0,87.1,85.9,87.1,28541892
654,2012-08-24,87.0,87.3,85.9,86.9,32248971
655,2012-08-27,88.0,88.2,87.1,87.5,32248085
656,2012-08-28,86.1,86.7,83.9,84.2,52284149
657,2012-08-29,83.5,84.8,83.5,84.0,34919917
658,2012-08-30,83.0,85.8,83.0,85.5,56666262
659,2012-08-31,83.1,85.5,83.1,84.8,39672653
660,2012-09-03,90.7,90.7,88.5,90.0,107785798
661,2012-09-04,90.5,91.5,89.7,89.9,50380170
662,2012-09-05,89.9,89.9,88.8,88.8,37312421
663,2012-09-06,89.6,89.9,88.2,88.4,36957961
664,2012-09-07,90.0,90.0,88.9,89.0,32920288
665,2012-09-10,89.0,89.4,88.8,88.8,21835309
666,2012-09-11,88.4,91.2,88.3,90.4,47320675
667,2012-09-12,91.0,93.2,90.8,93.0,65249852
668,2012-09-13,93.8,94.3,92.5,93.0,43641161
669,2012-09-14,96.0,98.0,95.3,97.0,75812378
670,2012-09-17,98.0,98.4,96.5,97.5,42797215
671,2012-09-18,96.5,96.9,95.7,96.1,34490452
672,2012-09-19,96.1,96.9,94.7,96.9,34629158
673,2012-09-20,96.8,96.8,95.6,96.0,23158047
674,2012-09-21,96.9,97.2,96.2,96.8,34484515
675,2012-09-24,96.7,96.7,95.7,95.8,27300699
676,2012-09-25,95.2,95.8,93.0,93.5,56193646
677,2012-09-26,91.8,92.0,89.9,90.2,80333427
678,2012-09-27,89.6,91.2,89.5,90.2,45548962
679,2012-09-28,90.5,92.0,90.5,92.0,37374226
680,2012-10-01,92.0,92.0,90.8,91.3,15773148
681,2012-10-02,91.0,91.8,90.4,91.7,27954487
682,2012-10-03,92.7,92.7,91.4,91.4,23530003
683,2012-10-04,91.2,91.5,90.3,91.1,21051783
684,2012-10-05,90.8,91.5,90.2,90.4,31779929
685,2012-10-08,90.0,90.0,88.6,88.7,31124039
686,2012-10-09,89.0,90.0,88.8,89.3,36162551
687,2012-10-11,87.0,88.0,85.8,86.0,70984203
688,2012-10-12,86.9,87.2,85.8,86.8,36458725
689,2012-10-15,87.5,87.8,86.9,87.5,19331709
690,2012-10-16,87.8,88.4,87.3,87.6,25449147
691,2012-10-17,88.0,88.4,87.1,87.4,26476960
692,2012-10-18,88.0,88.5,87.5,87.5,26165442
693,2012-10-19,86.9,86.9,85.7,85.8,96985623
694,2012-10-22,84.0,85.2,84.0,85.1,34566357
695,2012-10-23,85.1,85.6,84.3,84.7,27551117
696,2012-10-24,83.9,85.6,83.5,85.0,33778080
697,2012-10-25,85.0,86.0,85.0,85.2,35313844
698,2012-10-26,85.3,86.8,84.3,84.3,45487048
699,2012-10-29,85.0,85.3,84.0,84.0,38984176
700,2012-10-30,85.2,88.3,85.0,88.0,72714550
701,2012-10-31,91.0,91.0,88.7,88.7,88998400
702,2012-11-01,88.7,90.5,87.7,89.8,51518326
703,2012-11-02,90.4,90.4,88.6,88.6,27062321
704,2012-11-05,88.3,89.0,87.1,87.5,28743045
705,2012-11-06,88.5,89.8,88.0,89.8,32990014
706,2012-11-07,89.8,90.5,89.2,90.3,41644461
707,2012-11-08,89.8,90.9,88.9,90.9,52522783
708,2012-11-09,90.2,92.0,89.8,91.4,50619174
709,2012-11-12,90.9,90.9,89.3,90.0,41073664
710,2012-11-13,90.0,90.3,87.5,87.7,32636678
711,2012-11-14,90.3,90.8,89.5,89.8,49415515
712,2012-11-15,89.4,90.5,89.4,90.1,31085266
713,2012-11-16,90.3,90.8,89.2,89.7,30927835
714,2012-11-19,90.3,90.4,89.2,89.2,16175693
715,2012-11-20,90.6,90.6,89.6,89.9,20088742
716,2012-11-21,89.9,90.5,88.6,89.1,28643004
717,2012-11-22,90.0,90.0,89.0,89.0,16370439
718,2012-11-23,90.0,92.0,89.8,92.0,61070027
719,2012-11-26,93.0,93.7,92.6,92.8,43590756
720,2012-11-27,92.8,93.0,92.3,92.8,31119911
721,2012-11-28,92.4,93.4,92.1,93.3,49482680
722,2012-11-29,93.7,94.4,92.9,93.0,58324490
723,2012-11-30,93.5,94.3,93.1,93.2,48623098
724,2012-12-03,93.7,95.0,93.7,94.7,50851443
725,2012-12-04,94.7,95.7,94.1,95.3,48577671
726,2012-12-05,94.1,95.3,93.5,95.0,36894465
727,2012-12-06,95.0,95.5,94.3,94.5,32761807
728,2012-12-07,94.9,95.8,94.1,95.5,57098848
729,2012-12-10,96.1,96.2,94.7,96.1,41497184
730,2012-12-11,96.5,96.6,93.5,95.0,82372318
731,2012-12-12,96.4,96.5,95.6,95.6,52201284
732,2012-12-13,95.7,96.1,95.0,96.0,35394503
733,2012-12-14,94.0,94.0,91.0,91.5,124904360
734,2012-12-17,86.8,88.8,86.5,87.2,161625008
735,2012-12-18,88.0,88.4,87.7,88.4,62129510
736,2012-12-19,89.0,89.0,88.3,88.6,46761163
737,2012-12-20,88.6,88.7,87.9,88.1,46983211
738,2012-12-21,88.1,88.1,86.5,87.0,58406766
739,2012-12-22,87.7,88.4,87.2,88.1,17151937
740,2012-12-24,88.0,88.0,87.3,87.8,14667933
741,2012-12-25,88.0,88.8,87.8,88.8,17590726
742,2012-12-26,89.0,89.2,88.5,88.5,15857738
743,2012-12-27,88.5,89.2,88.5,89.0,21979996
744,2012-12-28,90.0,90.0,88.6,88.9,21912147
745,2013-01-02,89.5,89.9,88.6,88.7,34036039
746,2013-01-03,89.4,89.7,88.7,89.1,34793877
747,2013-01-04,88.3,88.9,87.8,88.0,42728314
748,2013-01-07,88.0,88.0,86.7,86.8,47071853
749,2013-01-08,86.8,87.5,86.5,87.0,45101201
750,2013-01-09,87.8,88.5,87.2,87.8,28602004
751,2013-01-10,88.4,88.6,87.4,88.6,41036190
752,2013-01-11,89.5,89.7,88.6,88.6,32874619
753,2013-01-14,88.4,88.5,86.6,87.2,53523145
754,2013-01-15,86.5,86.5,84.0,84.2,107685143
755,2013-01-16,83.5,85.1,83.2,84.0,73553828
756,2013-01-17,85.0,85.3,83.7,83.9,37829862
757,2013-01-18,84.9,85.4,84.5,85.4,34719928
758,2013-01-21,85.0,85.2,84.4,84.6,18847753
759,2013-01-22,84.8,85.9,84.7,85.4,29648220
760,2013-01-23,86.2,86.2,85.0,85.0,28727965
761,2013-01-24,83.5,83.6,82.3,82.5,89893890
762,2013-01-25,82.3,83.4,82.2,83.4,33994887
763,2013-01-28,83.3,83.8,83.3,83.6,16705943
764,2013-01-29,84.0,85.0,83.9,84.9,32156589
765,2013-01-30,85.3,85.4,84.8,84.9,22082354
766,2013-01-31,84.3,84.9,84.3,84.4,20701301
767,2013-02-01,84.5,85.0,84.1,84.6,18029050
768,2013-02-04,84.5,84.5,83.8,84.0,32168271
769,2013-02-05,83.5,83.5,82.8,83.1,31376592
770,2013-02-06,83.5,84.5,83.1,83.6,29124117
771,2013-02-18,84.8,84.8,82.7,82.8,36760732
772,2013-02-19,83.9,84.4,83.4,84.1,23674789
773,2013-02-20,84.5,85.1,84.2,84.8,25091531
774,2013-02-21,84.7,84.8,83.2,83.2,33445606
775,2013-02-22,82.6,83.2,82.6,83.2,25031470
776,2013-02-23,83.3,83.6,82.9,83.1,8771441
777,2013-02-25,83.2,83.5,82.8,82.8,16127687
778,2013-02-26,82.3,82.6,81.7,81.7,40026524
779,2013-02-27,82.4,82.5,81.7,81.7,31950955
780,2013-03-01,81.7,82.7,81.1,81.6,39584092
781,2013-03-04,81.6,81.8,80.3,80.5,37579092
782,2013-03-05,81.0,81.1,79.7,80.0,48598357
783,2013-03-06,80.5,81.3,79.8,80.5,63565651
784,2013-03-07,80.6,81.5,80.2,80.4,37728018
785,2013-03-08,81.0,81.3,80.5,80.5,32053633
786,2013-03-11,80.5,80.8,79.8,80.5,24324011
787,2013-03-12,80.0,81.2,80.0,80.5,25710881
788,2013-03-13,80.5,81.0,80.0,80.0,29143039
789,2013-03-14,80.5,81.2,80.1,80.5,22003677
790,2013-03-15,81.1,81.5,80.7,80.7,38879035
791,2013-03-18,81.0,82.2,81.0,81.5,33796945
792,2013-03-19,82.1,83.7,81.8,83.2,53734406
793,2013-03-20,83.5,83.5,82.0,82.1,32794092
794,2013-03-21,83.2,83.2,82.1,82.1,24176205
795,2013-03-22,82.8,83.9,82.6,82.9,42390237
796,2013-03-25,83.5,83.7,82.4,82.4,24260912
797,2013-03-26,84.2,84.2,83.5,83.5,49479664
798,2013-03-27,84.1,84.3,83.3,83.5,34781376
799,2013-03-28,83.8,83.8,82.6,82.7,30257224
800,2013-03-29,83.5,83.5,82.8,83.3,16732430
801,2013-04-01,83.3,83.3,82.7,82.8,11213834
802,2013-04-02,83.3,83.5,82.8,83.1,14784574
803,2013-04-03,83.3,83.4,82.8,83.1,16366062
804,2013-04-08,81.5,81.5,80.7,80.8,48114394
805,2013-04-09,80.9,81.2,80.5,80.5,24630939
806,2013-04-10,80.9,81.2,80.5,80.6,22651694
807,2013-04-11,80.4,80.9,79.8,80.5,33809717
808,2013-04-12,80.2,80.5,78.5,78.6,76774610
809,2013-04-15,78.5,78.6,76.3,77.1,79900921
810,2013-04-16,76.1,77.1,75.5,77.0,71759727
811,2013-04-17,77.4,78.3,77.4,77.7,40939168
812,2013-04-18,76.2,77.0,75.6,76.7,45482579
813,2013-04-19,76.5,78.5,76.5,77.6,48406658
814,2013-04-22,77.6,77.6,76.7,76.9,23582827
815,2013-04-23,76.6,76.8,76.0,76.2,36916351
816,2013-04-24,76.7,78.1,76.6,78.1,32487420
817,2013-04-25,78.0,78.0,77.0,77.4,23202024
818,2013-04-26,77.0,77.1,76.0,76.2,69682746
819,2013-04-29,76.4,76.7,75.5,75.5,48336312
820,2013-04-30,76.0,76.9,76.0,76.2,51469726
821,2013-05-02,76.6,77.4,75.8,76.4,42073915
822,2013-05-03,76.8,77.8,76.8,77.5,46752371
823,2013-05-06,78.5,78.7,77.9,77.9,34762001
824,2013-05-07,78.4,78.4,77.5,77.5,36552635
825,2013-05-08,78.2,79.8,77.8,79.8,87759664
826,2013-05-09,81.0,82.0,81.0,81.6,105446899
827,2013-05-10,81.6,81.7,80.3,80.5,71981555
828,2013-05-13,80.8,81.3,79.6,79.6,53746618
829,2013-05-14,80.3,80.5,78.9,79.2,36812962
830,2013-05-15,78.1,78.4,77.0,78.2,86817128
831,2013-05-16,78.4,79.2,77.9,78.7,70007563
832,2013-05-17,78.2,78.3,77.6,77.6,70901721
833,2013-05-20,77.6,78.1,76.9,77.1,48427028
834,2013-05-21,77.1,77.9,77.1,77.3,35952754
835,2013-05-22,78.4,78.4,77.8,78.3,32199622
836,2013-05-23,78.1,78.2,77.0,77.1,52288344
837,2013-05-24,77.0,77.5,76.6,76.9,43153344
838,2013-05-27,77.4,77.4,76.8,77.3,16786181
839,2013-05-28,77.3,77.5,77.0,77.0,19820907
840,2013-05-29,77.6,78.4,77.4,78.3,45533686
841,2013-05-30,77.7,78.2,77.1,77.2,34705365
842,2013-05-31,77.7,77.9,76.7,76.7,58211523
843,2013-06-03,76.7,77.1,76.4,76.5,29465825
844,2013-06-04,77.0,77.1,76.2,76.2,29483152
845,2013-06-05,76.7,76.7,75.8,75.8,34050273
846,2013-06-06,75.5,75.9,75.0,75.0,56318001
847,2013-06-07,75.1,75.5,75.0,75.2,37958936
848,2013-06-10,76.0,76.5,75.7,76.2,31731882
849,2013-06-11,76.2,76.2,75.0,75.0,40318021
850,2013-06-13,74.1,74.3,73.3,73.4,67581453
851,2013-06-14,73.8,74.0,72.0,72.6,52408611
852,2013-06-17,72.6,72.8,70.8,71.1,65859896
853,2013-06-18,71.1,71.7,71.0,71.5,36134995
854,2013-06-19,71.2,72.9,71.1,72.0,33578236
855,2013-06-20,71.3,71.4,70.5,70.7,43376821
856,2013-06-21,69.3,70.2,68.8,70.0,53954309
857,2013-06-24,70.2,70.7,70.0,70.3,30252379
858,2013-06-25,70.3,71.3,70.0,70.2,39994853
859,2013-06-26,72.3,73.2,71.2,73.0,57275136
860,2013-06-27,73.8,73.8,72.5,73.0,56448537
861,2013-06-28,73.8,74.0,73.3,74.0,44375547
862,2013-07-01,74.0,74.5,73.5,74.1,28664968
863,2013-07-02,74.9,74.9,73.3,73.3,25108847
864,2013-07-03,74.5,74.5,73.0,73.2,26867088
865,2013-07-04,73.8,73.8,72.5,72.6,20039555
866,2013-07-05,73.5,74.8,73.1,74.6,32516155
867,2013-07-08,74.6,74.6,73.4,73.4,23807921
868,2013-07-09,73.2,74.7,73.2,74.5,29857120
869,2013-07-10,75.1,76.5,75.1,75.9,47903827
870,2013-07-11,77.5,78.0,77.3,78.0,93454807
871,2013-07-12,78.0,78.2,77.6,78.0,38454000
872,2013-07-15,78.0,78.7,77.8,78.5,35932773
873,2013-07-16,78.8,78.8,77.8,78.4,28494671
874,2013-07-17,78.4,78.4,77.3,77.4,34840290
875,2013-07-18,77.9,78.3,77.2,78.0,28679834
876,2013-07-19,77.8,78.1,77.2,77.4,32966578
877,2013-07-22,78.0,78.4,77.6,77.6,26960263
878,2013-07-23,78.0,78.2,77.8,77.9,28888728
879,2013-07-24,78.6,79.3,78.3,79.0,38705667
880,2013-07-25,79.1,79.6,78.6,79.2,28693516
881,2013-07-26,79.3,79.6,78.6,78.9,20026374
882,2013-07-29,79.5,79.6,78.5,78.6,14632824
883,2013-07-30,78.6,78.9,78.3,78.7,22474022
884,2013-07-31,79.0,79.1,77.8,77.8,19564436
885,2013-08-01,77.4,77.4,76.0,76.6,37424515
886,2013-08-02,77.4,78.0,76.8,76.9,18668589
887,2013-08-05,77.5,79.0,77.1,79.0,25649897
888,2013-08-06,78.7,78.7,77.5,78.1,21175566
889,2013-08-07,77.7,77.7,77.0,77.1,24919356
890,2013-08-08,77.8,77.8,76.6,77.0,21364964
891,2013-08-09,76.6,77.0,76.1,76.3,27739732
892,2013-08-12,76.5,78.2,76.3,77.5,19311432
893,2013-08-13,78.9,79.2,78.5,79.1,54733999
894,2013-08-14,79.0,79.4,78.4,79.1,35905918
895,2013-08-15,78.8,79.0,78.3,78.5,20707602
896,2013-08-16,78.5,79.5,78.3,79.1,24539502
897,2013-08-19,79.5,79.7,78.5,79.4,25803647
898,2013-08-20,79.6,80.5,79.3,80.1,45534685
899,2013-08-22,79.9,80.7,79.3,80.7,47777393
900,2013-08-23,81.1,81.1,80.5,80.5,32784405
901,2013-08-26,80.9,81.4,80.6,81.3,27153876
902,2013-08-27,81.0,81.2,79.9,80.0,35578189
903,2013-08-28,79.0,79.7,79.0,79.3,23494599
904,2013-08-29,79.3,80.0,79.3,79.8,19886856
905,2013-08-30,80.5,81.2,80.2,81.2,29928157
906,2013-09-02,81.2,81.7,80.9,81.6,29038203
907,2013-09-03,82.0,82.4,81.7,82.0,32251653
908,2013-09-04,82.0,82.2,81.3,82.0,28672544
909,2013-09-05,82.0,82.4,81.8,82.2,48098313
910,2013-09-06,82.2,83.0,82.0,82.9,98098491
911,2013-09-10,77.7,77.9,76.0,77.0,60453105
912,2013-09-11,76.0,76.2,74.7,76.0,84977236
913,2013-09-12,74.3,75.3,74.3,74.8,63478339
914,2013-09-13,74.6,75.3,74.6,75.0,24616997
915,2013-09-14,75.0,75.0,74.6,74.8,10857726
916,2013-09-16,75.3,76.0,75.3,76.0,34958737
917,2013-09-17,75.6,76.0,75.5,75.9,23468456
918,2013-09-18,75.9,76.3,75.8,75.9,27480904
919,2013-09-23,76.2,76.4,75.9,76.2,31446010
920,2013-09-24,76.8,77.2,76.5,76.9,26208531
921,2013-09-25,76.7,76.8,76.4,76.8,21693297
922,2013-09-26,77.0,77.0,75.8,75.8,24126624
923,2013-09-27,76.0,76.4,75.7,76.3,20931557
924,2013-09-30,75.8,76.0,75.2,75.9,24620753
925,2013-10-01,76.2,76.3,75.4,75.5,14176251
926,2013-10-02,75.5,75.9,75.0,75.0,24033640
927,2013-10-03,75.0,76.1,75.0,76.0,30474297
928,2013-10-04,75.5,76.0,75.3,75.9,17056585
929,2013-10-07,75.9,75.9,75.1,75.2,21640552
930,2013-10-08,75.2,75.8,75.0,75.8,21171861
931,2013-10-09,75.7,75.8,75.3,75.3,14911974
932,2013-10-11,76.8,76.8,75.4,75.4,38408609
933,2013-10-14,75.4,75.5,74.0,74.0,44245752
934,2013-10-15,74.2,74.5,73.2,73.8,45361109
935,2013-10-16,73.7,74.2,73.5,73.5,23699451
936,2013-10-17,73.6,73.9,72.9,73.7,41756026
937,2013-10-18,74.4,75.0,74.1,75.0,24043092
938,2013-10-21,75.5,75.5,75.0,75.1,20253010
939,2013-10-22,75.1,75.5,74.7,75.5,18213422
940,2013-10-23,75.8,76.3,75.3,75.3,23622364
941,2013-10-24,75.3,75.8,75.3,75.8,16000995
942,2013-10-25,75.8,76.0,75.2,75.2,26304154
943,2013-10-28,75.2,75.3,74.6,75.0,20185032
944,2013-10-29,74.6,75.0,73.9,74.0,48401878
945,2013-10-30,74.0,75.0,74.0,75.0,21576039
946,2013-10-31,75.0,75.7,74.4,74.5,34958534
947,2013-11-01,75.0,75.1,74.1,74.4,22178082
948,2013-11-04,74.1,74.1,73.3,74.0,29868964
949,2013-11-05,74.8,75.4,73.6,73.6,23223433
950,2013-11-06,73.6,74.5,73.6,74.4,19521675
951,2013-11-07,74.5,74.8,74.0,74.5,14870423
952,2013-11-08,74.0,74.5,73.8,73.9,18147082
953,2013-11-11,74.6,75.3,74.4,74.9,34242928
954,2013-11-12,75.0,75.2,74.3,74.5,24248853
955,2013-11-13,74.2,74.7,74.0,74.4,25289869
956,2013-11-14,75.6,75.9,75.2,75.4,53310107
957,2013-11-15,75.7,76.0,75.3,75.3,22935455
958,2013-11-18,75.6,75.8,75.3,75.6,22626629
959,2013-11-19,75.8,75.9,75.5,75.8,25295358
960,2013-11-20,76.0,76.0,75.1,75.8,23498111
961,2013-11-21,75.6,75.6,74.8,75.0,36596647
962,2013-11-22,75.3,75.7,74.6,74.6,29482560
963,2013-11-25,75.0,75.6,75.0,75.1,26526740
964,2013-11-26,75.4,75.7,75.1,75.5,28144726
965,2013-11-27,75.8,75.8,75.3,75.4,20046713
966,2013-11-28,75.8,76.0,75.7,75.9,24416894
967,2013-11-29,76.0,78.4,76.0,78.0,98726122
968,2013-12-02,78.8,79.3,78.2,78.2,42652843
969,2013-12-03,78.3,78.5,77.8,78.1,28398581
970,2013-12-04,78.5,79.4,78.2,79.0,43712369
971,2013-12-05,79.0,79.3,78.3,78.4,36628248
972,2013-12-06,78.4,79.2,78.4,78.5,47683287
973,2013-12-09,79.3,79.8,79.0,79.6,45601417
974,2013-12-10,79.6,79.9,79.3,79.9,35205414
975,2013-12-11,80.4,80.7,78.2,78.2,83245597
976,2013-12-12,78.2,78.9,77.6,78.5,34048921
977,2013-12-13,79.0,79.0,78.2,78.5,25853333
978,2013-12-16,78.3,78.4,77.6,77.6,24382323
979,2013-12-17,78.6,78.7,78.1,78.1,17411513
980,2013-12-18,78.6,79.0,78.5,78.9,30835004
981,2013-12-19,79.5,79.6,78.9,79.3,22684652
982,2013-12-20,79.2,79.2,78.8,79.0,21589632
983,2013-12-23,79.5,79.5,78.8,79.0,18077184
984,2013-12-24,79.5,79.5,79.1,79.1,16055503
985,2013-12-25,79.0,79.4,79.0,79.0,13756250
986,2013-12-26,79.0,79.4,78.8,79.3,14766756
987,2013-12-27,79.3,80.0,79.1,79.9,35712120
988,2013-12-30,80.0,80.4,80.0,80.3,29028108
989,2013-12-31,80.3,80.5,79.9,80.1,23924244
990,2014-01-02,80.3,80.5,79.8,80.4,23729745
991,2014-01-03,79.4,79.9,79.3,79.4,38951459
992,2014-01-06,79.5,79.7,78.9,79.0,19895243
993,2014-01-07,79.4,79.6,78.9,79.0,22331956
994,2014-01-08,79.5,79.8,79.2,79.5,25300040
995,2014-01-09,79.2,81.1,79.1,80.5,68233953
996,2014-01-10,81.0,81.5,80.9,81.2,53668920
997,2014-01-13,82.0,82.1,81.5,81.8,53353238
998,2014-01-14,81.8,82.3,81.4,82.3,58129381
999,2014-01-15,82.8,83.3,82.6,83.3,87679861
1000,2014-01-16,84.0,84.3,83.7,83.9,64659028
1001,2014-01-17,84.2,84.2,83.1,83.8,46239470
1002,2014-01-20,83.8,85.2,83.6,85.2,64454032
1003,2014-01-21,85.5,85.9,84.3,84.5,46871937
1004,2014-01-22,84.5,84.9,83.8,84.2,38961958
1005,2014-01-23,84.1,84.5,83.7,83.9,34093974
1006,2014-01-24,83.7,85.2,83.7,85.0,56370005
1007,2014-01-27,84.7,85.4,83.9,84.9,68026324
1008,2014-02-05,82.3,82.3,81.0,81.3,111655888
1009,2014-02-06,81.3,81.9,81.0,81.9,48581673
1010,2014-02-07,82.7,82.7,81.4,81.4,34759676
1011,2014-02-10,81.5,82.2,81.5,81.7,33025665
1012,2014-02-11,81.1,81.1,80.3,80.4,47103305
1013,2014-02-12,80.9,82.4,80.9,82.3,39422998
1014,2014-02-13,82.5,83.2,82.0,82.7,35924002
1015,2014-02-14,83.6,84.0,83.2,83.5,46368812
1016,2014-02-17,84.2,84.3,83.4,83.5,20973851
1017,2014-02-18,83.5,83.8,83.1,83.8,15465779
1018,2014-02-19,84.0,84.0,83.7,84.0,25317442
1019,2014-02-20,83.7,83.7,82.8,82.8,22828514
1020,2014-02-21,83.5,83.9,82.8,83.7,28062806
1021,2014-02-24,83.6,83.7,82.6,82.7,19740271
1022,2014-02-25,83.0,83.4,82.7,82.8,23666898
1023,2014-02-26,82.8,83.8,82.8,83.6,27033211
1024,2014-02-27,83.6,84.2,83.6,84.0,35598778
1025,2014-03-03,83.8,83.8,82.4,83.1,36846881
1026,2014-03-04,82.8,83.5,82.7,82.8,17594910
1027,2014-03-05,83.4,83.7,82.9,83.0,16419717
1028,2014-03-06,83.7,84.5,83.5,84.4,42000448
1029,2014-03-07,84.8,85.2,84.3,84.7,48050884
1030,2014-03-10,84.5,85.2,83.9,84.6,23012711
1031,2014-03-11,84.6,84.8,84.2,84.2,21245430
1032,2014-03-12,84.2,84.7,83.9,84.7,19561921
1033,2014-03-13,85.0,86.8,85.0,86.1,81472543
1034,2014-03-14,85.2,86.2,85.2,85.5,29885688
1035,2014-03-17,85.7,86.7,85.4,86.7,33086130
1036,2014-03-18,86.7,87.0,85.9,86.0,32646082
1037,2014-03-19,85.9,86.2,85.2,85.3,26121155
1038,2014-03-20,84.8,84.8,84.0,84.4,37011603
1039,2014-03-21,85.1,85.2,84.6,84.7,24179010
1040,2014-03-24,84.4,86.0,84.4,86.0,32384192
1041,2014-03-25,86.0,86.4,85.7,85.7,19542227
1042,2014-03-26,86.5,86.5,85.8,86.0,23668844
1043,2014-03-27,86.5,86.6,86.0,86.3,21225269
1044,2014-03-28,86.3,86.4,85.9,86.3,23642477
1045,2014-03-31,86.2,86.3,85.4,86.3,33634395
1046,2014-04-01,86.5,86.5,85.8,86.2,25590291
1047,2014-04-02,86.5,86.5,85.8,86.2,28199423
1048,2014-04-03,86.3,86.5,86.0,86.2,18367753
1049,2014-04-07,86.1,86.3,85.6,86.3,24269284
1050,2014-04-08,86.3,86.6,86.0,86.4,16749103
1051,2014-04-09,86.5,86.6,86.3,86.5,15599535
1052,2014-04-10,86.8,86.9,85.7,86.8,21900107
1053,2014-04-11,86.4,86.4,85.7,86.1,24805457
1054,2014-04-14,86.0,86.8,85.5,86.6,34153638
1055,2014-04-15,87.0,88.0,86.9,87.2,51107767
1056,2014-04-16,87.5,88.0,87.0,87.5,34695292
1057,2014-04-17,88.0,88.0,87.6,87.9,24678214
1058,2014-04-18,88.4,88.4,87.8,88.0,14959077
1059,2014-04-21,87.8,88.3,87.7,87.9,7960237
1060,2014-04-22,87.5,88.1,87.5,87.8,13808696
1061,2014-04-23,88.5,88.8,88.3,88.6,25605268
1062,2014-04-24,89.0,89.0,88.2,88.6,25404519
1063,2014-04-25,88.6,88.8,86.1,87.0,44971884
1064,2014-04-28,85.1,86.9,85.1,86.4,26317446
1065,2014-04-29,87.0,87.9,86.7,87.8,20817235
1066,2014-04-30,87.7,87.7,86.5,86.6,25058684
1067,2014-05-02,87.3,88.8,87.0,88.8,38908380
1068,2014-05-05,88.9,89.0,88.2,88.7,19217328
1069,2014-05-06,89.0,89.5,88.5,89.0,16951496
1070,2014-05-07,89.3,89.3,88.5,88.8,19282777
1071,2014-05-08,89.6,89.6,88.8,89.1,16611789
1072,2014-05-09,89.5,89.5,88.4,89.4,20240692
1073,2014-05-12,89.4,89.4,87.7,87.7,29137898
1074,2014-05-13,88.5,88.5,87.7,87.9,13182591
1075,2014-05-14,88.3,88.5,87.6,88.2,23427149
1076,2014-05-15,88.5,88.6,88.0,88.6,24069982
1077,2014-05-16,88.6,88.9,88.2,88.8,17215542
1078,2014-05-19,89.0,89.8,88.9,89.8,23166923
1079,2014-05-20,90.0,90.8,89.7,90.6,42815406
1080,2014-05-21,90.6,90.9,90.0,90.0,19557000
1081,2014-05-22,90.4,92.3,90.3,92.0,39686416
1082,2014-05-23,91.9,93.5,91.9,93.0,37498045
1083,2014-05-26,93.5,93.6,92.5,92.5,19310159
1084,2014-05-27,92.6,92.8,91.7,92.8,23096525
1085,2014-05-28,93.0,93.8,92.8,93.4,27652646
1086,2014-05-29,93.9,93.9,92.6,93.5,23415763
1087,2014-05-30,93.9,93.9,92.4,92.4,33439898
1088,2014-06-03,93.2,93.9,92.5,93.0,23163905
1089,2014-06-04,93.8,93.8,93.0,93.1,15279224
1090,2014-06-05,93.4,93.5,92.5,92.9,18488755
1091,2014-06-06,93.5,93.5,93.1,93.2,15396345
1092,2014-06-09,93.3,93.5,93.1,93.5,12547302
1093,2014-06-10,93.6,94.1,93.5,94.1,19022298
1094,2014-06-11,93.5,93.8,93.1,93.8,15659535
1095,2014-06-12,93.4,93.7,93.2,93.4,13873124
1096,2014-06-13,93.4,93.4,93.1,93.2,11999494
1097,2014-06-16,93.2,93.3,92.7,92.7,17308792
1098,2014-06-17,93.0,94.3,92.5,94.0,27841412
1099,2014-06-18,94.0,94.4,93.3,94.1,26152841
1100,2014-06-19,94.2,94.4,93.9,93.9,16684619
1101,2014-06-20,94.4,94.9,94.2,94.3,17932295
1102,2014-06-23,94.8,98.6,94.8,97.6,69092013
1103,2014-06-24,98.0,98.7,97.5,98.2,41670676
1104,2014-06-25,98.2,98.5,96.5,96.5,28980028
1105,2014-06-26,98.0,98.8,97.9,98.5,31988843
1106,2014-06-27,98.9,99.0,98.4,98.6,29006237
1107,2014-06-30,99.0,100.0,98.9,100.0,41135879
1108,2014-07-01,100.5,102.0,100.0,102.0,36524384
1109,2014-07-02,102.5,105.0,102.0,103.0,57731350
1110,2014-07-03,103.5,104.5,103.0,104.0,31242648
1111,2014-07-04,104.5,104.5,102.5,103.0,24537956
1112,2014-07-07,102.0,103.5,101.5,103.5,26119282
1113,2014-07-08,104.0,104.5,103.5,104.5,21969735
1114,2014-07-09,104.0,105.0,103.5,105.0,24427352
1115,2014-07-10,105.0,108.5,105.0,108.5,51473107
1116,2014-07-11,109.0,112.0,108.0,109.0,69080680
1117,2014-07-14,109.0,113.0,109.0,110.0,66688529
1118,2014-07-15,110.5,111.5,109.0,111.0,50007864
1119,2014-07-16,111.0,111.0,107.0,107.5,42722105
1120,2014-07-17,107.0,108.0,105.0,106.5,43816520
1121,2014-07-18,104.5,107.5,104.5,107.5,28216653
1122,2014-07-21,109.0,110.5,108.5,110.5,31307245
1123,2014-07-22,110.5,110.5,107.5,110.0,25372651
1124,2014-07-24,111.0,112.0,108.5,110.5,33521590
1125,2014-07-25,109.5,110.5,107.0,108.0,25472388
1126,2014-07-28,107.0,108.0,105.0,105.0,37840588
1127,2014-07-29,106.0,107.0,102.0,105.0,49762553
1128,2014-07-30,106.0,107.0,104.5,104.5,31370310
1129,2014-07-31,104.5,105.0,102.5,103.5,29623623
1130,2014-08-01,101.0,102.5,100.5,102.0,32762528
1131,2014-08-04,102.0,105.5,102.0,105.5,22866206
1132,2014-08-05,105.0,105.0,102.0,102.0,31938347
1133,2014-08-06,102.0,103.5,101.0,103.5,24413217
1134,2014-08-07,104.5,104.5,102.5,103.5,15553890
1135,2014-08-08,103.5,103.5,101.5,102.5,19775402
1136,2014-08-11,101.0,105.0,100.5,104.0,35057785
1137,2014-08-12,104.0,105.5,103.5,104.5,22237546
1138,2014-08-13,104.5,106.5,104.5,106.0,26383588
1139,2014-08-14,109.5,111.0,108.0,109.0,38756884
1140,2014-08-15,109.0,109.5,107.0,107.5,28562638
1141,2014-08-18,108.0,108.5,107.5,107.5,18848522
1142,2014-08-19,108.5,109.5,107.5,108.5,21745882
1143,2014-08-20,109.5,109.5,107.0,108.5,27207199
1144,2014-08-21,108.5,108.5,107.5,108.5,15557136
1145,2014-08-22,109.0,110.0,108.5,110.0,35790761
1146,2014-08-25,110.0,111.0,109.5,110.5,25906826
1147,2014-08-26,110.5,111.0,109.5,110.0,40265149
1148,2014-08-27,110.0,112.0,110.0,112.0,87045702
1149,2014-08-29,102.0,103.0,101.0,102.0,40542789
1150,2014-09-01,103.0,103.5,101.5,101.5,29167386
1151,2014-09-02,101.5,102.0,100.5,100.5,22070782
1152,2014-09-03,101.0,101.5,100.0,101.0,29980261
1153,2014-09-04,100.5,100.5,99.5,99.9,42401302
1154,2014-09-05,99.5,100.5,98.6,100.5,37775765
1155,2014-09-09,101.0,102.0,100.5,102.0,25181776
1156,2014-09-10,101.0,101.5,99.6,101.0,30085777
1157,2014-09-11,100.5,101.5,100.0,100.0,18011497
1158,2014-09-12,100.5,100.5,99.1,99.4,23455406
1159,2014-09-15,99.4,101.0,99.2,101.0,17076730
1160,2014-09-16,101.0,101.0,99.5,99.5,15858654
1161,2014-09-17,100.0,101.5,100.0,101.0,27850875
1162,2014-09-18,100.5,102.0,100.5,102.0,22083867
1163,2014-09-19,102.5,103.0,101.0,101.0,32404251
1164,2014-09-22,100.5,100.5,99.6,100.5,24844090
1165,2014-09-23,100.5,101.0,99.8,100.5,16015051
1166,2014-09-24,100.0,101.0,100.0,100.5,16931750
1167,2014-09-25,101.0,102.5,99.6,100.0,35162439
1168,2014-09-26,99.0,99.0,97.1,97.1,58713020
1169,2014-09-29,97.8,98.2,97.1,97.6,38784490
1170,2014-09-30,97.5,97.5,94.8,96.0,53444185
1171,2014-10-01,96.5,98.6,95.5,98.4,30242151
1172,2014-10-02,97.8,98.4,97.1,97.5,23725855
1173,2014-10-03,98.0,99.7,97.9,99.3,24011353
1174,2014-10-06,99.7,99.7,98.5,98.5,22887418
1175,2014-10-07,98.6,99.0,97.0,97.6,27137714
1176,2014-10-08,96.5,97.6,96.5,96.7,22228374
1177,2014-10-09,98.2,98.3,96.7,97.6,27512296
1178,2014-10-13,95.0,96.7,95.0,95.8,35801984
1179,2014-10-14,95.6,96.1,95.0,96.0,32867863
1180,2014-10-15,95.5,95.7,92.4,93.5,90024615
1181,2014-10-16,93.0,93.4,90.6,92.2,52554472
1182,2014-10-17,92.5,92.8,89.0,89.0,66228844
1183,2014-10-20,91.0,93.4,90.8,93.2,34994344
1184,2014-10-21,94.0,94.6,93.0,93.5,36618314
1185,2014-10-22,95.0,95.5,94.0,94.0,33940788
1186,2014-10-23,95.0,95.0,94.2,95.0,22871602
1187,2014-10-24,95.0,95.3,93.1,93.2,22843517
1188,2014-10-27,93.5,94.5,93.3,94.0,20843836
1189,2014-10-28,95.0,95.8,95.0,95.5,32009240
1190,2014-10-29,96.0,96.2,94.8,95.0,28653253
1191,2014-10-30,95.0,95.5,94.7,95.2,15900180
1192,2014-10-31,95.4,96.2,95.0,96.0,28039435
1193,2014-11-03,97.0,98.7,96.5,98.1,38018758
1194,2014-11-04,98.7,98.7,97.4,97.5,19243026
1195,2014-11-05,98.5,98.5,97.4,98.2,16066083
